sentence1,sentence2,similarity
Can you recommend any faith-based organizations that offer citizenship classes and support for immigrants in my area?,"Seeks to partner with any faith community or organization interested in helping us to fulfill our mission. We partner with local groups to offer citizenship classes and co-host and sponsor informational sessions for immigrants with Catholic Charities Immigration Legal Services, the United States Citizenship and Immigration Service (USCIS) and the Mexican Consulate. We seek opportunities to build connections and collaborations that strengthen immigrant support.",0.9
Are there any organizations that provide legal services or support for immigrants in my community?,"Seeks to partner with any faith community or organization interested in helping us to fulfill our mission. We partner with local groups to offer citizenship classes and co-host and sponsor informational sessions for immigrants with Catholic Charities Immigration Legal Services, the United States Citizenship and Immigration Service (USCIS) and the Mexican Consulate. We seek opportunities to build connections and collaborations that strengthen immigrant support.",0.85
Are there any opportunities to collaborate with organizations that support immigrants and provide legal services in my community?,"Seeks to partner with any faith community or organization interested in helping us to fulfill our mission. We partner with local groups to offer citizenship classes and co-host and sponsor informational sessions for immigrants with Catholic Charities Immigration Legal Services, the United States Citizenship and Immigration Service (USCIS) and the Mexican Consulate. We seek opportunities to build connections and collaborations that strengthen immigrant support.",0.85
Where can I apply for U.S. citizenship?,"Seeks to partner with any faith community or organization interested in helping us to fulfill our mission. We partner with local groups to offer citizenship classes and co-host and sponsor informational sessions for immigrants with Catholic Charities Immigration Legal Services, the United States Citizenship and Immigration Service (USCIS) and the Mexican Consulate. We seek opportunities to build connections and collaborations that strengthen immigrant support.",0.5
dqwm;mdwqlkdm21,"Seeks to partner with any faith community or organization interested in helping us to fulfill our mission. We partner with local groups to offer citizenship classes and co-host and sponsor informational sessions for immigrants with Catholic Charities Immigration Legal Services, the United States Citizenship and Immigration Service (USCIS) and the Mexican Consulate. We seek opportunities to build connections and collaborations that strengthen immigrant support.",0
How can I get involved in mentoring programs for children in my community?,We provide mentoring services to children 6-18 years of age. We help nurture children and strengthen communities.,0.85
"How can I become a mentor for children in my community, and what organizations offer mentoring services for children?",We provide mentoring services to children 6-18 years of age. We help nurture children and strengthen communities.,0.9
Are there any mentorship opportunities for adults needing help with welding?,We provide mentoring services to children 6-18 years of age. We help nurture children and strengthen communities.,0.5
How can I get involved in volunteering or supporting programs that address poverty in my area?,We provide mentoring services to children 6-18 years of age. We help nurture children and strengthen communities.,0.35
AAAAAAAAAAAAAAAAAAAAAA,We provide mentoring services to children 6-18 years of age. We help nurture children and strengthen communities.,0
"Where can I find resources for addressing homelessness, poverty, and family conflict in my community?","Accomplish its Vision through programs addressing homelessness, violence and abuse, family conflict, youth in crisis, life skills deficiencies, and poverty. They have a Homeless shelter, Community Closet, and community café.",0.95
Where can I find resources for victims of domestic violence or abuse in my area?,"Accomplish its Vision through programs addressing homelessness, violence and abuse, family conflict, youth in crisis, life skills deficiencies, and poverty. They have a Homeless shelter, Community Closet, and community café.",0.75
What resources are available in my community to address homelessness?,"Accomplish its Vision through programs addressing homelessness, violence and abuse, family conflict, youth in crisis, life skills deficiencies, and poverty. They have a Homeless shelter, Community Closet, and community café.",0.9
Where can I get tested for COVID-19?,"Accomplish its Vision through programs addressing homelessness, violence and abuse, family conflict, youth in crisis, life skills deficiencies, and poverty. They have a Homeless shelter, Community Closet, and community café.",0.3
****!!!!!!((())())@@@@####,"Accomplish its Vision through programs addressing homelessness, violence and abuse, family conflict, youth in crisis, life skills deficiencies, and poverty. They have a Homeless shelter, Community Closet, and community café.",0
Are there any organizations that provide free housing and support for pregnant women and new mothers in my area?,"Provide a safe, stable and supportive place for residents and up to two children to live while dealing with unexpected pregnancy.
Provide free housing throughout pregnancy and continue for up to 6 months after delivery.
Assist residents to meet basic needs, such as clothing, baby items, long-term housing, job and educational opportunities.
Provide residents access to health services
Partner with other community nonprofits and government organizations to provide for residents’ needs and well-being.",0.9
"Where can I find safe and supportive housing for pregnant women in need of assistance, along with access to health services and educational opportunities?","Provide a safe, stable and supportive place for residents and up to two children to live while dealing with unexpected pregnancy.
Provide free housing throughout pregnancy and continue for up to 6 months after delivery.
Assist residents to meet basic needs, such as clothing, baby items, long-term housing, job and educational opportunities.
Provide residents access to health services
Partner with other community nonprofits and government organizations to provide for residents’ needs and well-being.",0.8
Where can I find stable housing for homelessness?,"Provide a safe, stable and supportive place for residents and up to two children to live while dealing with unexpected pregnancy.
Provide free housing throughout pregnancy and continue for up to 6 months after delivery.
Assist residents to meet basic needs, such as clothing, baby items, long-term housing, job and educational opportunities.
Provide residents access to health services
Partner with other community nonprofits and government organizations to provide for residents’ needs and well-being.",0.5
What services or programs are available for youth in crisis or at-risk of homelessness in my community?,"Provide a safe, stable and supportive place for residents and up to two children to live while dealing with unexpected pregnancy.
Provide free housing throughout pregnancy and continue for up to 6 months after delivery.
Assist residents to meet basic needs, such as clothing, baby items, long-term housing, job and educational opportunities.
Provide residents access to health services
Partner with other community nonprofits and government organizations to provide for residents’ needs and well-being.",0.45
wpoqe2902!!!!kdhioq01,"Provide a safe, stable and supportive place for residents and up to two children to live while dealing with unexpected pregnancy.
Provide free housing throughout pregnancy and continue for up to 6 months after delivery.
Assist residents to meet basic needs, such as clothing, baby items, long-term housing, job and educational opportunities.
Provide residents access to health services
Partner with other community nonprofits and government organizations to provide for residents’ needs and well-being.",0
What services are available for adults on probation to help them make positive changes in their behavior?,"Services for adults on probation. To protect the community by facilitating positive changes in offender 
behavior, through the provision of programs and services and rapid 
accountability for offender actions.",0.95
What programs and services are available for adults on probation to facilitate positive changes in behavior and promote accountability?,"Services for adults on probation. To protect the community by facilitating positive changes in offender 
behavior, through the provision of programs and services and rapid 
accountability for offender actions.",0.9
How can I contact the local jail to bond someone out?,"Services for adults on probation. To protect the community by facilitating positive changes in offender 
behavior, through the provision of programs and services and rapid 
accountability for offender actions.",0.45
Where can I find resources for mental health counseling or support groups in my community?,"Services for adults on probation. To protect the community by facilitating positive changes in offender 
behavior, through the provision of programs and services and rapid 
accountability for offender actions.",0.4
Can I paint my car with peanut butter?,"Services for adults on probation. To protect the community by facilitating positive changes in offender 
behavior, through the provision of programs and services and rapid 
accountability for offender actions.",0.1
What resources are available for promoting a healthy lifestyle and preventing disease in my community?,"Dedicated to preventing disease, protecting life, and promoting a healthy lifestyle, provide immunizations, Health Education, Health Coalition.

​",0.9
"How can I access resources for disease prevention, health education, and healthy living in my community?","Dedicated to preventing disease, protecting life, and promoting a healthy lifestyle, provide immunizations, Health Education, Health Coalition.

​",0.95
How can I find resources for why my dog is sick?,"Dedicated to preventing disease, protecting life, and promoting a healthy lifestyle, provide immunizations, Health Education, Health Coalition.

​",0.55
Are there any organizations that provide assistance with job training or job placement for individuals with disabilities in my area?,"Dedicated to preventing disease, protecting life, and promoting a healthy lifestyle, provide immunizations, Health Education, Health Coalition.

​",0.3
Where are resources for teaching a chicken to sing opera?,"Dedicated to preventing disease, protecting life, and promoting a healthy lifestyle, provide immunizations, Health Education, Health Coalition.

​",0.1
Are there any programs that offer housing assistance and financial counseling for eligible families in my area?,"Housing Assistance, Small Dollar Loan Program, Financial Fitness Center. Been providing first time homebuyer seminars, credit counseling, down payment assistance, home loans, apartments, and newly constructed homes for eligible families",0.9
"Where can I find housing assistance, credit counseling, and financial support for first-time homebuyers and eligible families in need?","Housing Assistance, Small Dollar Loan Program, Financial Fitness Center. Been providing first time homebuyer seminars, credit counseling, down payment assistance, home loans, apartments, and newly constructed homes for eligible families",0.95
"I'm looking to sell my house, where can I find resources for that?","Housing Assistance, Small Dollar Loan Program, Financial Fitness Center. Been providing first time homebuyer seminars, credit counseling, down payment assistance, home loans, apartments, and newly constructed homes for eligible families",0.5
What resources or programs are available for individuals experiencing food insecurity or hunger in my community?,"Housing Assistance, Small Dollar Loan Program, Financial Fitness Center. Been providing first time homebuyer seminars, credit counseling, down payment assistance, home loans, apartments, and newly constructed homes for eligible families",0.3
Why do bees wear stripes?,"Housing Assistance, Small Dollar Loan Program, Financial Fitness Center. Been providing first time homebuyer seminars, credit counseling, down payment assistance, home loans, apartments, and newly constructed homes for eligible families",0.1
"What organizations offer workforce training, childcare, and GED classes to support individuals and families in need of assistance with basic needs and education?","Workforce (WIOA and TANF), Childcare, Housing, GED classes, Indigent Health Care",0.9
"Where can I find resources for job training, childcare, housing, and education for low-income individuals and families in my community?","Workforce (WIOA and TANF), Childcare, Housing, GED classes, Indigent Health Care",0.9
Where can I find a daycare for my child?,"Workforce (WIOA and TANF), Childcare, Housing, GED classes, Indigent Health Care",0.55
How can I get involved in supporting or donating to organizations that provide disaster relief or humanitarian aid globally?,"Workforce (WIOA and TANF), Childcare, Housing, GED classes, Indigent Health Care",0.25
Can I grow a unicorn in my garden?,"Workforce (WIOA and TANF), Childcare, Housing, GED classes, Indigent Health Care",0.1
I'm struggling with drinking too much and can't quit.,"A drug and addiction treatment center to help fight addiciton. Acecpts most insurance. Offers a free assessment and referral, individual counseling, family groups, drug and alcohol testing, and referral for detox and medical services.",0.9
I need help quitting drugs.,"A drug and addiction treatment center to help fight addiciton. Acecpts most insurance. Offers a free assessment and referral, individual counseling, family groups, drug and alcohol testing, and referral for detox and medical services.",0.9
Can you drink during pregnancy?,"A drug and addiction treatment center to help fight addiciton. Acecpts most insurance. Offers a free assessment and referral, individual counseling, family groups, drug and alcohol testing, and referral for detox and medical services.",0.5
Where can I find an ultrasound?,"A drug and addiction treatment center to help fight addiciton. Acecpts most insurance. Offers a free assessment and referral, individual counseling, family groups, drug and alcohol testing, and referral for detox and medical services.",0.2
Watermelons are on the side of the street after dusk.,"A drug and addiction treatment center to help fight addiciton. Acecpts most insurance. Offers a free assessment and referral, individual counseling, family groups, drug and alcohol testing, and referral for detox and medical services.",0
Can prescription drugs be addictive?,"A drug and addiction treatment center to help fight addiciton. Acecpts most insurance. Offers a free assessment and referral, individual counseling, family groups, drug and alcohol testing, and referral for detox and medical services.",0.7
I've been drunk every day for a month and need help.,"A drug and addiction treatment center to help fight addiciton. Acecpts most insurance. Offers a free assessment and referral, individual counseling, family groups, drug and alcohol testing, and referral for detox and medical services.",0.9
Where can I find prenatal care?,"Cover a multitude of practice areas including consumer, landlord tenant, foreclosure, public benefits, environmental justice, disaster recovery, tax relief, fair housing, family law, domestic violence, sexual assault, crime victim rights, veterans benefits, and more. We are the third-largest service provider of free legal aid in the United States. All clients must meet financial and legal status eligibility requirements. Our general income limits change annually and can be found by accessing the US Federal Poverty Guidelines",0.2
I can't afford groceries right now.,"Cover a multitude of practice areas including consumer, landlord tenant, foreclosure, public benefits, environmental justice, disaster recovery, tax relief, fair housing, family law, domestic violence, sexual assault, crime victim rights, veterans benefits, and more. We are the third-largest service provider of free legal aid in the United States. All clients must meet financial and legal status eligibility requirements. Our general income limits change annually and can be found by accessing the US Federal Poverty Guidelines",0.2
I can't afford legal costs for a speeding ticket.,"Cover a multitude of practice areas including consumer, landlord tenant, foreclosure, public benefits, environmental justice, disaster recovery, tax relief, fair housing, family law, domestic violence, sexual assault, crime victim rights, veterans benefits, and more. We are the third-largest service provider of free legal aid in the United States. All clients must meet financial and legal status eligibility requirements. Our general income limits change annually and can be found by accessing the US Federal Poverty Guidelines",0.8
How can I sue someone for sexually assaulting me?,"Cover a multitude of practice areas including consumer, landlord tenant, foreclosure, public benefits, environmental justice, disaster recovery, tax relief, fair housing, family law, domestic violence, sexual assault, crime victim rights, veterans benefits, and more. We are the third-largest service provider of free legal aid in the United States. All clients must meet financial and legal status eligibility requirements. Our general income limits change annually and can be found by accessing the US Federal Poverty Guidelines",0.6
The bank is foreclosing my home and I need a lawyer.,"Cover a multitude of practice areas including consumer, landlord tenant, foreclosure, public benefits, environmental justice, disaster recovery, tax relief, fair housing, family law, domestic violence, sexual assault, crime victim rights, veterans benefits, and more. We are the third-largest service provider of free legal aid in the United States. All clients must meet financial and legal status eligibility requirements. Our general income limits change annually and can be found by accessing the US Federal Poverty Guidelines",0.7
Fishing is a very fun activity.,"Cover a multitude of practice areas including consumer, landlord tenant, foreclosure, public benefits, environmental justice, disaster recovery, tax relief, fair housing, family law, domestic violence, sexual assault, crime victim rights, veterans benefits, and more. We are the third-largest service provider of free legal aid in the United States. All clients must meet financial and legal status eligibility requirements. Our general income limits change annually and can be found by accessing the US Federal Poverty Guidelines",0
I need to find legal help for my boyfriend.,"Cover a multitude of practice areas including consumer, landlord tenant, foreclosure, public benefits, environmental justice, disaster recovery, tax relief, fair housing, family law, domestic violence, sexual assault, crime victim rights, veterans benefits, and more. We are the third-largest service provider of free legal aid in the United States. All clients must meet financial and legal status eligibility requirements. Our general income limits change annually and can be found by accessing the US Federal Poverty Guidelines",0.8
Where can I find help for my child with Down Syndrome?,"Mental services for children and adults. Public non-profit community MHMR center. Through the Texas Health & Human Services Commission (HHSC), we have the administrative responsibility and authority to provide a continuum of mental health and intellectual and developmental disability services to eligible individuals.",0.8
I feel incredibly anxious and am worried about my mental health.,"Mental services for children and adults. Public non-profit community MHMR center. Through the Texas Health & Human Services Commission (HHSC), we have the administrative responsibility and authority to provide a continuum of mental health and intellectual and developmental disability services to eligible individuals.",0.9
Should I breastfeed my child?,"Mental services for children and adults. Public non-profit community MHMR center. Through the Texas Health & Human Services Commission (HHSC), we have the administrative responsibility and authority to provide a continuum of mental health and intellectual and developmental disability services to eligible individuals.",0.2
How can I be more confident?,"Mental services for children and adults. Public non-profit community MHMR center. Through the Texas Health & Human Services Commission (HHSC), we have the administrative responsibility and authority to provide a continuum of mental health and intellectual and developmental disability services to eligible individuals.",0.4
I need help with depressions.,"Mental services for children and adults. Public non-profit community MHMR center. Through the Texas Health & Human Services Commission (HHSC), we have the administrative responsibility and authority to provide a continuum of mental health and intellectual and developmental disability services to eligible individuals.",0.7
My child has seemed detatched and not himself. I need to find him a counselor.,"Mental services for children and adults. Public non-profit community MHMR center. Through the Texas Health & Human Services Commission (HHSC), we have the administrative responsibility and authority to provide a continuum of mental health and intellectual and developmental disability services to eligible individuals.",0.8
My family is upset with me after I came out.,"Services for LGBTQ+ 
Provides a safe place for persons of all sexual orientations, gender identities, and gender expressions, their families and friends, to meet and socialize without having to worry about who they are. NO PHYSICAL LOCATION YET",0.7
Where can I find ADHD medication?,"Services for LGBTQ+ 
Provides a safe place for persons of all sexual orientations, gender identities, and gender expressions, their families and friends, to meet and socialize without having to worry about who they are. NO PHYSICAL LOCATION YET",0.2
Where can I find other queer people to feel more comfortable?,"Services for LGBTQ+ 
Provides a safe place for persons of all sexual orientations, gender identities, and gender expressions, their families and friends, to meet and socialize without having to worry about who they are. NO PHYSICAL LOCATION YET",0.9
Are there any resources for trans people wanting to transition?,"Services for LGBTQ+ 
Provides a safe place for persons of all sexual orientations, gender identities, and gender expressions, their families and friends, to meet and socialize without having to worry about who they are. NO PHYSICAL LOCATION YET",0.8
My leg hurts and I need to go to a doctor.,"Services for LGBTQ+ 
Provides a safe place for persons of all sexual orientations, gender identities, and gender expressions, their families and friends, to meet and socialize without having to worry about who they are. NO PHYSICAL LOCATION YET",0.2
The second element on the periodic table is Helium.,"Services for LGBTQ+ 
Provides a safe place for persons of all sexual orientations, gender identities, and gender expressions, their families and friends, to meet and socialize without having to worry about who they are. NO PHYSICAL LOCATION YET",0.1
Where can I find HIV AIDS medication?,Provides TFTS Child abuse prevention services through parenting. Provides supervised visitation services; provides co-parenting services; provides medical and housing services for individuals diagnosed with HIV/AIDS including women and youth,0.9
How do I get my child out of an abusive situation?,Provides TFTS Child abuse prevention services through parenting. Provides supervised visitation services; provides co-parenting services; provides medical and housing services for individuals diagnosed with HIV/AIDS including women and youth,0.9
"My kid's dad keeps yelling and hit him once, what should I do?",Provides TFTS Child abuse prevention services through parenting. Provides supervised visitation services; provides co-parenting services; provides medical and housing services for individuals diagnosed with HIV/AIDS including women and youth,0.9
My child want's to see their parent but I'm worried about their safety/,Provides TFTS Child abuse prevention services through parenting. Provides supervised visitation services; provides co-parenting services; provides medical and housing services for individuals diagnosed with HIV/AIDS including women and youth,0.7
Dogs are far better than cats.,Provides TFTS Child abuse prevention services through parenting. Provides supervised visitation services; provides co-parenting services; provides medical and housing services for individuals diagnosed with HIV/AIDS including women and youth,0
I need to find antidepressants.,Provides TFTS Child abuse prevention services through parenting. Provides supervised visitation services; provides co-parenting services; provides medical and housing services for individuals diagnosed with HIV/AIDS including women and youth,0.1
I want to learn about breastfeeding.,They provide education and support with topics ranging from preparing for childbirth to newborn care to breastfeeding,0.7
What should I expect during the second trimester of pregnancy?,They provide education and support with topics ranging from preparing for childbirth to newborn care to breastfeeding,0.8
How can I find daycare for my toddler?,They provide education and support with topics ranging from preparing for childbirth to newborn care to breastfeeding,0.7
What will my body feel like if I get pregnant?,They provide education and support with topics ranging from preparing for childbirth to newborn care to breastfeeding,0.6
I need emergency medical services.,They provide education and support with topics ranging from preparing for childbirth to newborn care to breastfeeding,0.3
Astronauts can fly very high up into space.,They provide education and support with topics ranging from preparing for childbirth to newborn care to breastfeeding,0
"I need legal help to get full custody of my child, his father is abusive.","Services for children who have been abused. They offer forensic Interviews, forensic Medical Exams, and counseling Services",0.6
How can I help my child who has had a vevry rough home life?,"Services for children who have been abused. They offer forensic Interviews, forensic Medical Exams, and counseling Services",0.6
I need surgery for my kid's cancer but can't afford it.,"Services for children who have been abused. They offer forensic Interviews, forensic Medical Exams, and counseling Services",0.3
Can my kid testify against their abuser?,"Services for children who have been abused. They offer forensic Interviews, forensic Medical Exams, and counseling Services",0.8
It is important to make sure your house smells nice by using candles or wax melts.,"Services for children who have been abused. They offer forensic Interviews, forensic Medical Exams, and counseling Services",0
My kid was hit by their parent and needs medical attention.,"Services for children who have been abused. They offer forensic Interviews, forensic Medical Exams, and counseling Services",0.7
Where can I find resources to help me pay for groceries?,"Fights for the health, education and financial stability of every person. In short, Helps people by connecting people with resources to improve the lives of every person.",0.8
I can't afford college but really want to go.,"Fights for the health, education and financial stability of every person. In short, Helps people by connecting people with resources to improve the lives of every person.",0.6
How can I get my family medical care when I don't have enough money?,"Fights for the health, education and financial stability of every person. In short, Helps people by connecting people with resources to improve the lives of every person.",0.7
I need to find a doctor to prescribe me my migraine pills.,"Fights for the health, education and financial stability of every person. In short, Helps people by connecting people with resources to improve the lives of every person.",0.4
Are there any community support groups who help with PTSD?,"Fights for the health, education and financial stability of every person. In short, Helps people by connecting people with resources to improve the lives of every person.",0.4
Lions and tigers are not as scary as bears.,"Fights for the health, education and financial stability of every person. In short, Helps people by connecting people with resources to improve the lives of every person.",0
I need a cheap place to live.,"Workforce (WIOA and TANF), Childcare, Housing, GED classes, Indigent Health Care",0.9
I never finished high school but need a good job.,"Workforce (WIOA and TANF), Childcare, Housing, GED classes, Indigent Health Care",0.9
I need a free place to live.,"Workforce (WIOA and TANF), Childcare, Housing, GED classes, Indigent Health Care",0.7
How can I get food stamps?,"Workforce (WIOA and TANF), Childcare, Housing, GED classes, Indigent Health Care",0.6
What should I be eating during pregnancy?,"Workforce (WIOA and TANF), Childcare, Housing, GED classes, Indigent Health Care",0.2
How can I find a community of other pregnant people?,"Workforce (WIOA and TANF), Childcare, Housing, GED classes, Indigent Health Care",0.1
I just got a DWI. What do I do?,"Substance Abuse Counseling, Prevention Services. BVCASA is the only non-profit organization in the Brazos Valley with comprehensive youth and adult programs, including state-approved MIP and DWI classes, drug education, substance abuse and tobacco prevention for youth and adults, screening services, outpatient treatment for youth and adults, and residential and outpatient aftercare treatment for adults in the Texas Department of Criminal Justice Substance Abuse Treatment Program",0.9
How can I stop vaping and smoking?,"Substance Abuse Counseling, Prevention Services. BVCASA is the only non-profit organization in the Brazos Valley with comprehensive youth and adult programs, including state-approved MIP and DWI classes, drug education, substance abuse and tobacco prevention for youth and adults, screening services, outpatient treatment for youth and adults, and residential and outpatient aftercare treatment for adults in the Texas Department of Criminal Justice Substance Abuse Treatment Program",0.8
My boyfriend scares me when he drinks.,"Substance Abuse Counseling, Prevention Services. BVCASA is the only non-profit organization in the Brazos Valley with comprehensive youth and adult programs, including state-approved MIP and DWI classes, drug education, substance abuse and tobacco prevention for youth and adults, screening services, outpatient treatment for youth and adults, and residential and outpatient aftercare treatment for adults in the Texas Department of Criminal Justice Substance Abuse Treatment Program",0.8
My child drank some of my alcohol. What do I do?,"Substance Abuse Counseling, Prevention Services. BVCASA is the only non-profit organization in the Brazos Valley with comprehensive youth and adult programs, including state-approved MIP and DWI classes, drug education, substance abuse and tobacco prevention for youth and adults, screening services, outpatient treatment for youth and adults, and residential and outpatient aftercare treatment for adults in the Texas Department of Criminal Justice Substance Abuse Treatment Program",0.5
Is binge eating during pregnancy bad?,"Substance Abuse Counseling, Prevention Services. BVCASA is the only non-profit organization in the Brazos Valley with comprehensive youth and adult programs, including state-approved MIP and DWI classes, drug education, substance abuse and tobacco prevention for youth and adults, screening services, outpatient treatment for youth and adults, and residential and outpatient aftercare treatment for adults in the Texas Department of Criminal Justice Substance Abuse Treatment Program",0.1
Which medications are safe during pregnancy?,"Substance Abuse Counseling, Prevention Services. BVCASA is the only non-profit organization in the Brazos Valley with comprehensive youth and adult programs, including state-approved MIP and DWI classes, drug education, substance abuse and tobacco prevention for youth and adults, screening services, outpatient treatment for youth and adults, and residential and outpatient aftercare treatment for adults in the Texas Department of Criminal Justice Substance Abuse Treatment Program",0.3
I need food for my family.,"Regional food collection and distribution warehouses that have a goal of collecting and safely storing surplus food, organizing and sorting it with the help of volunteers, then distributing it to areas of high need through partner agencies and special programs to ensure that hungry neighbors are fed.",0.8
How can I get food stamps?,"Regional food collection and distribution warehouses that have a goal of collecting and safely storing surplus food, organizing and sorting it with the help of volunteers, then distributing it to areas of high need through partner agencies and special programs to ensure that hungry neighbors are fed.",0.7
What should I eat during pregnancy?,"Regional food collection and distribution warehouses that have a goal of collecting and safely storing surplus food, organizing and sorting it with the help of volunteers, then distributing it to areas of high need through partner agencies and special programs to ensure that hungry neighbors are fed.",0.3
I'm almost out of food for the week and I don't have any more money.,"Regional food collection and distribution warehouses that have a goal of collecting and safely storing surplus food, organizing and sorting it with the help of volunteers, then distributing it to areas of high need through partner agencies and special programs to ensure that hungry neighbors are fed.",0.8
My pets are really hungry.,"Regional food collection and distribution warehouses that have a goal of collecting and safely storing surplus food, organizing and sorting it with the help of volunteers, then distributing it to areas of high need through partner agencies and special programs to ensure that hungry neighbors are fed.",0.5
I don't have any good clothes to wear.,"Regional food collection and distribution warehouses that have a goal of collecting and safely storing surplus food, organizing and sorting it with the help of volunteers, then distributing it to areas of high need through partner agencies and special programs to ensure that hungry neighbors are fed.",0
I really need a cheap place to live.,Provides quality affordable housing to low-income families. We are dedicated to sustaining communities that promote individual responsibility as well as creating and cultivating opportunities for participants to achieve self-sufficiency and economic independence.,0.9
How can I find a place to live close to my new job?,Provides quality affordable housing to low-income families. We are dedicated to sustaining communities that promote individual responsibility as well as creating and cultivating opportunities for participants to achieve self-sufficiency and economic independence.,0.8
I need a free place to live.,Provides quality affordable housing to low-income families. We are dedicated to sustaining communities that promote individual responsibility as well as creating and cultivating opportunities for participants to achieve self-sufficiency and economic independence.,0.5
Where can I find environmentally sustainable pregnancy products?,Provides quality affordable housing to low-income families. We are dedicated to sustaining communities that promote individual responsibility as well as creating and cultivating opportunities for participants to achieve self-sufficiency and economic independence.,0
I need a lawyer.,Provides quality affordable housing to low-income families. We are dedicated to sustaining communities that promote individual responsibility as well as creating and cultivating opportunities for participants to achieve self-sufficiency and economic independence.,0
My house is falling apart.,Provides quality affordable housing to low-income families. We are dedicated to sustaining communities that promote individual responsibility as well as creating and cultivating opportunities for participants to achieve self-sufficiency and economic independence.,0.4
I really want to buy a house.,Down payment housing assistance and deposit assistance. Community Development Services administers the City of Bryan’s Community Development Block Grant (CDBG) funds and the Home Investment Partnerships (HOME) program funds inaccordance to guidelines from the U.S. Department of Housing and Urban Development (HUD).,0.9
"I can almost afford a house, but not quite.",Down payment housing assistance and deposit assistance. Community Development Services administers the City of Bryan’s Community Development Block Grant (CDBG) funds and the Home Investment Partnerships (HOME) program funds inaccordance to guidelines from the U.S. Department of Housing and Urban Development (HUD).,0.9
How can I find a cheap house?,Down payment housing assistance and deposit assistance. Community Development Services administers the City of Bryan’s Community Development Block Grant (CDBG) funds and the Home Investment Partnerships (HOME) program funds inaccordance to guidelines from the U.S. Department of Housing and Urban Development (HUD).,0.7
My landlord is kicking me out.,Down payment housing assistance and deposit assistance. Community Development Services administers the City of Bryan’s Community Development Block Grant (CDBG) funds and the Home Investment Partnerships (HOME) program funds inaccordance to guidelines from the U.S. Department of Housing and Urban Development (HUD).,0.5
I need repairs on my house.,Down payment housing assistance and deposit assistance. Community Development Services administers the City of Bryan’s Community Development Block Grant (CDBG) funds and the Home Investment Partnerships (HOME) program funds inaccordance to guidelines from the U.S. Department of Housing and Urban Development (HUD).,0.3
I want to live in Bryan.,Down payment housing assistance and deposit assistance. Community Development Services administers the City of Bryan’s Community Development Block Grant (CDBG) funds and the Home Investment Partnerships (HOME) program funds inaccordance to guidelines from the U.S. Department of Housing and Urban Development (HUD).,0.9
I'm a student at A&M who wants to buy a house.,"Down payment housing assistance and deposit assistance. The City of College Station receives federal funds from the Department of Housing and Urban Development (HUD) through the Community Development Block Grant (CDBG) and the HOME Investment Partnerships (HOME) grant. The Community Development Division of the Community Services Department is tasked with administering these grant funds through several programs 
designed in accordance with the division's goals, federal regulations and input from the City Council.",0.9
I can afford house payments but not the down payment.,"Down payment housing assistance and deposit assistance. The City of College Station receives federal funds from the Department of Housing and Urban Development (HUD) through the Community Development Block Grant (CDBG) and the HOME Investment Partnerships (HOME) grant. The Community Development Division of the Community Services Department is tasked with administering these grant funds through several programs 
designed in accordance with the division's goals, federal regulations and input from the City Council.",0.9
How can I find a cheap house close to Texas A&M's campus?,"Down payment housing assistance and deposit assistance. The City of College Station receives federal funds from the Department of Housing and Urban Development (HUD) through the Community Development Block Grant (CDBG) and the HOME Investment Partnerships (HOME) grant. The Community Development Division of the Community Services Department is tasked with administering these grant funds through several programs 
designed in accordance with the division's goals, federal regulations and input from the City Council.",0.7
I'm getting kicked out of student housing.,"Down payment housing assistance and deposit assistance. The City of College Station receives federal funds from the Department of Housing and Urban Development (HUD) through the Community Development Block Grant (CDBG) and the HOME Investment Partnerships (HOME) grant. The Community Development Division of the Community Services Department is tasked with administering these grant funds through several programs 
designed in accordance with the division's goals, federal regulations and input from the City Council.",0.5
I need repairs on my house.,"Down payment housing assistance and deposit assistance. The City of College Station receives federal funds from the Department of Housing and Urban Development (HUD) through the Community Development Block Grant (CDBG) and the HOME Investment Partnerships (HOME) grant. The Community Development Division of the Community Services Department is tasked with administering these grant funds through several programs 
designed in accordance with the division's goals, federal regulations and input from the City Council.",0.3
I want to live in College Station.,"Down payment housing assistance and deposit assistance. The City of College Station receives federal funds from the Department of Housing and Urban Development (HUD) through the Community Development Block Grant (CDBG) and the HOME Investment Partnerships (HOME) grant. The Community Development Division of the Community Services Department is tasked with administering these grant funds through several programs 
designed in accordance with the division's goals, federal regulations and input from the City Council.",0.9
I'm homeless. Where can I go without my children being taken away from me?,"Supports families by providing shelter, meals, and support services to homeless families. They provide a safe environment in which families can stay together and become self-sufficient.",1
My partner kicked me out. Where can my children and I stay?,"Supports families by providing shelter, meals, and support services to homeless families. They provide a safe environment in which families can stay together and become self-sufficient.",1
I just lost my job. Where can I stay while I find another one?,"Supports families by providing shelter, meals, and support services to homeless families. They provide a safe environment in which families can stay together and become self-sufficient.",0.9
I lost my apartment and I feel depressed. Who can I talk to?,"Supports families by providing shelter, meals, and support services to homeless families. They provide a safe environment in which families can stay together and become self-sufficient.",0.9
Where can I get food stamps?,"Supports families by providing shelter, meals, and support services to homeless families. They provide a safe environment in which families can stay together and become self-sufficient.",0.5
Where can I get a cheap car?,"Supports families by providing shelter, meals, and support services to homeless families. They provide a safe environment in which families can stay together and become self-sufficient.",0.3
Where can I buy maternity clothes?,"Supports families by providing shelter, meals, and support services to homeless families. They provide a safe environment in which families can stay together and become self-sufficient.",0
I need a custom home for my disabled child.,"Habitat works toward our vision by building strength, stability and self-reliance in partnership with families in need of decent and affordable housing. Habitat homeowners help build their own homes alongside volunteers and pay an affordable mortgage",1
Where can I find an affordable house?,"Habitat works toward our vision by building strength, stability and self-reliance in partnership with families in need of decent and affordable housing. Habitat homeowners help build their own homes alongside volunteers and pay an affordable mortgage",0.9
I got kicked out of my apartment and I feel like I've lost ownership of my life.,"Habitat works toward our vision by building strength, stability and self-reliance in partnership with families in need of decent and affordable housing. Habitat homeowners help build their own homes alongside volunteers and pay an affordable mortgage",0.7
I need to rent a house for a few months.,"Habitat works toward our vision by building strength, stability and self-reliance in partnership with families in need of decent and affordable housing. Habitat homeowners help build their own homes alongside volunteers and pay an affordable mortgage",0.4
I need repairs on my house.,"Habitat works toward our vision by building strength, stability and self-reliance in partnership with families in need of decent and affordable housing. Habitat homeowners help build their own homes alongside volunteers and pay an affordable mortgage",0.4
My car broke down. What do I do?,"Habitat works toward our vision by building strength, stability and self-reliance in partnership with families in need of decent and affordable housing. Habitat homeowners help build their own homes alongside volunteers and pay an affordable mortgage",0.1
Where can I find prenatal care?,"Habitat works toward our vision by building strength, stability and self-reliance in partnership with families in need of decent and affordable housing. Habitat homeowners help build their own homes alongside volunteers and pay an affordable mortgage",0
I was recently sexually assaulted and need help,"They provide services to individuals who have been involved with any kind of sexual violence. Services include crisis Intervention, counseling Services, education, Outreach services & resources",0.95
My partner raped me and I'm not sure what to do,"They provide services to individuals who have been involved with any kind of sexual violence. Services include crisis Intervention, counseling Services, education, Outreach services & resources",0.9
I think I was taken advantage of while drunk,"They provide services to individuals who have been involved with any kind of sexual violence. Services include crisis Intervention, counseling Services, education, Outreach services & resources",0.7
I was touched inappropriately and need advice,"They provide services to individuals who have been involved with any kind of sexual violence. Services include crisis Intervention, counseling Services, education, Outreach services & resources",0.8
My arm really hurts,"They provide services to individuals who have been involved with any kind of sexual violence. Services include crisis Intervention, counseling Services, education, Outreach services & resources",0.2
Chinese food is so good,"They provide services to individuals who have been involved with any kind of sexual violence. Services include crisis Intervention, counseling Services, education, Outreach services & resources",0.1
I really need counseling,"They provide services to individuals who have been involved with any kind of sexual violence. Services include crisis Intervention, counseling Services, education, Outreach services & resources",0.5
Is there a resource for professional women?,"Advocates by educating campus and community constituencies on women’s issues and functions as a resource and referral center. Strives to ensure a community in which women and men can live and work together in a mutually respectful, safe, and supportive environment where equality, responsibility, and personal empowerment are encouraged and fostered.",0.95
I think I am pregnant,"Advocates by educating campus and community constituencies on women’s issues and functions as a resource and referral center. Strives to ensure a community in which women and men can live and work together in a mutually respectful, safe, and supportive environment where equality, responsibility, and personal empowerment are encouraged and fostered.",0.6
Need career advice from a fellow woman,"Advocates by educating campus and community constituencies on women’s issues and functions as a resource and referral center. Strives to ensure a community in which women and men can live and work together in a mutually respectful, safe, and supportive environment where equality, responsibility, and personal empowerment are encouraged and fostered.",0.9
I'm thinking about becoming a mother,"Advocates by educating campus and community constituencies on women’s issues and functions as a resource and referral center. Strives to ensure a community in which women and men can live and work together in a mutually respectful, safe, and supportive environment where equality, responsibility, and personal empowerment are encouraged and fostered.",0.5
I have a lot of anxiety,"Advocates by educating campus and community constituencies on women’s issues and functions as a resource and referral center. Strives to ensure a community in which women and men can live and work together in a mutually respectful, safe, and supportive environment where equality, responsibility, and personal empowerment are encouraged and fostered.",0.1
Help for men on campus,"Advocates by educating campus and community constituencies on women’s issues and functions as a resource and referral center. Strives to ensure a community in which women and men can live and work together in a mutually respectful, safe, and supportive environment where equality, responsibility, and personal empowerment are encouraged and fostered.",0.3
Are there any leadership programs near me?,"Advocates by educating campus and community constituencies on women’s issues and functions as a resource and referral center. Strives to ensure a community in which women and men can live and work together in a mutually respectful, safe, and supportive environment where equality, responsibility, and personal empowerment are encouraged and fostered.",0.6
My child needs therapy,"Psychological service training clinic. All providers are trained to provide a variety of psychological services while under the supervision of a Licensed Psychologist. We offer both therapy and assessment services for adults, adolescents, and children in English. Fees are established based on an affordable sliding-scale based on family income and size.",0.95
Affordable psychological services,"Psychological service training clinic. All providers are trained to provide a variety of psychological services while under the supervision of a Licensed Psychologist. We offer both therapy and assessment services for adults, adolescents, and children in English. Fees are established based on an affordable sliding-scale based on family income and size.",0.95
Trusted therapy near me,"Psychological service training clinic. All providers are trained to provide a variety of psychological services while under the supervision of a Licensed Psychologist. We offer both therapy and assessment services for adults, adolescents, and children in English. Fees are established based on an affordable sliding-scale based on family income and size.",0.8
Cognitive behavioral therapy for students,"Psychological service training clinic. All providers are trained to provide a variety of psychological services while under the supervision of a Licensed Psychologist. We offer both therapy and assessment services for adults, adolescents, and children in English. Fees are established based on an affordable sliding-scale based on family income and size.",0.75
I don't feel like myself anymore,"Psychological service training clinic. All providers are trained to provide a variety of psychological services while under the supervision of a Licensed Psychologist. We offer both therapy and assessment services for adults, adolescents, and children in English. Fees are established based on an affordable sliding-scale based on family income and size.",0.5
I have anxiety and depression,"Psychological service training clinic. All providers are trained to provide a variety of psychological services while under the supervision of a Licensed Psychologist. We offer both therapy and assessment services for adults, adolescents, and children in English. Fees are established based on an affordable sliding-scale based on family income and size.",0.6
Blue is my favorite color,"Psychological service training clinic. All providers are trained to provide a variety of psychological services while under the supervision of a Licensed Psychologist. We offer both therapy and assessment services for adults, adolescents, and children in English. Fees are established based on an affordable sliding-scale based on family income and size.",0.1
My dog is sick,"Psychological service training clinic. All providers are trained to provide a variety of psychological services while under the supervision of a Licensed Psychologist. We offer both therapy and assessment services for adults, adolescents, and children in English. Fees are established based on an affordable sliding-scale based on family income and size.",0.2
Elderly meal programs,"Food Services primary focus is to provide nutritional services to the elderly population. These services are provided through four programs: Congregate Meals served at Senior Centers, Home Delivered Meals, and CBA Meals and Private Pay Meals for those who do not qualify for the other programs offered but want to insure they receive the daily nutrition they require.",0.95
My grandparents can't afford to eat,"Food Services primary focus is to provide nutritional services to the elderly population. These services are provided through four programs: Congregate Meals served at Senior Centers, Home Delivered Meals, and CBA Meals and Private Pay Meals for those who do not qualify for the other programs offered but want to insure they receive the daily nutrition they require.",0.9
I'm hungry,"Food Services primary focus is to provide nutritional services to the elderly population. These services are provided through four programs: Congregate Meals served at Senior Centers, Home Delivered Meals, and CBA Meals and Private Pay Meals for those who do not qualify for the other programs offered but want to insure they receive the daily nutrition they require.",0.7
My family has no food,"Food Services primary focus is to provide nutritional services to the elderly population. These services are provided through four programs: Congregate Meals served at Senior Centers, Home Delivered Meals, and CBA Meals and Private Pay Meals for those who do not qualify for the other programs offered but want to insure they receive the daily nutrition they require.",0.75
Healthy meals for weight loss,"Food Services primary focus is to provide nutritional services to the elderly population. These services are provided through four programs: Congregate Meals served at Senior Centers, Home Delivered Meals, and CBA Meals and Private Pay Meals for those who do not qualify for the other programs offered but want to insure they receive the daily nutrition they require.",0.4
Organic meal prep delivery,"Food Services primary focus is to provide nutritional services to the elderly population. These services are provided through four programs: Congregate Meals served at Senior Centers, Home Delivered Meals, and CBA Meals and Private Pay Meals for those who do not qualify for the other programs offered but want to insure they receive the daily nutrition they require.",0.35
My favorite state is colorado,"Food Services primary focus is to provide nutritional services to the elderly population. These services are provided through four programs: Congregate Meals served at Senior Centers, Home Delivered Meals, and CBA Meals and Private Pay Meals for those who do not qualify for the other programs offered but want to insure they receive the daily nutrition they require.",0.1
Medical and dental services for students,"Seeks to provide evidence-based healthcare utilizing a patient-empowered team approach to achieve individual wellness for all community members. We do this through a comprehensive approach to your medical needs, including medical and dental services.",0.95
Comprehensive healthcare near me,"Seeks to provide evidence-based healthcare utilizing a patient-empowered team approach to achieve individual wellness for all community members. We do this through a comprehensive approach to your medical needs, including medical and dental services.",0.9
I have a bad toothache,"Seeks to provide evidence-based healthcare utilizing a patient-empowered team approach to achieve individual wellness for all community members. We do this through a comprehensive approach to your medical needs, including medical and dental services.",0.75
I'm sick and not getting better,"Seeks to provide evidence-based healthcare utilizing a patient-empowered team approach to achieve individual wellness for all community members. We do this through a comprehensive approach to your medical needs, including medical and dental services.",0.7
Therapy near me,"Seeks to provide evidence-based healthcare utilizing a patient-empowered team approach to achieve individual wellness for all community members. We do this through a comprehensive approach to your medical needs, including medical and dental services.",0.4
Food resource near me,"Seeks to provide evidence-based healthcare utilizing a patient-empowered team approach to achieve individual wellness for all community members. We do this through a comprehensive approach to your medical needs, including medical and dental services.",0.1
I hate typing,"Seeks to provide evidence-based healthcare utilizing a patient-empowered team approach to achieve individual wellness for all community members. We do this through a comprehensive approach to your medical needs, including medical and dental services.",0.05
Is there a home for the developmentally disabled in Bryan,"We are guided by a mission to enable people with intellectual and developmental disabilities to lead their unique lives with dignity, independence, and inclusion. Respect for an individual’s abilities is the foundation of our work. We provide intermediate, home and community-based care services in innovative and loving environments to thousands of individuals through our affiliates.",0.95
I need help taking care of my disabled brother,"We are guided by a mission to enable people with intellectual and developmental disabilities to lead their unique lives with dignity, independence, and inclusion. Respect for an individual’s abilities is the foundation of our work. We provide intermediate, home and community-based care services in innovative and loving environments to thousands of individuals through our affiliates.",0.9
Community-based care near me,"We are guided by a mission to enable people with intellectual and developmental disabilities to lead their unique lives with dignity, independence, and inclusion. Respect for an individual’s abilities is the foundation of our work. We provide intermediate, home and community-based care services in innovative and loving environments to thousands of individuals through our affiliates.",0.8
Medical services near me,"We are guided by a mission to enable people with intellectual and developmental disabilities to lead their unique lives with dignity, independence, and inclusion. Respect for an individual’s abilities is the foundation of our work. We provide intermediate, home and community-based care services in innovative and loving environments to thousands of individuals through our affiliates.",0.55
I need a live-in rehab facility,"We are guided by a mission to enable people with intellectual and developmental disabilities to lead their unique lives with dignity, independence, and inclusion. Respect for an individual’s abilities is the foundation of our work. We provide intermediate, home and community-based care services in innovative and loving environments to thousands of individuals through our affiliates.",0.5
I need a doctor,"We are guided by a mission to enable people with intellectual and developmental disabilities to lead their unique lives with dignity, independence, and inclusion. Respect for an individual’s abilities is the foundation of our work. We provide intermediate, home and community-based care services in innovative and loving environments to thousands of individuals through our affiliates.",0.4
My family is running out of money and has nowhere to go,"We are guided by a mission to enable people with intellectual and developmental disabilities to lead their unique lives with dignity, independence, and inclusion. Respect for an individual’s abilities is the foundation of our work. We provide intermediate, home and community-based care services in innovative and loving environments to thousands of individuals through our affiliates.",0.2
Are there emergency health services on campus?,"Campus-based EMS agency that responds to medical and traumatic emergencies on surrounding community. Offers its services to all students, faculty, staff, and visitors.",0.9
If I hurt myself at school where should I go?,"Campus-based EMS agency that responds to medical and traumatic emergencies on surrounding community. Offers its services to all students, faculty, staff, and visitors.",0.85
Are there medical services on campus?,"Campus-based EMS agency that responds to medical and traumatic emergencies on surrounding community. Offers its services to all students, faculty, staff, and visitors.",0.8
Does the university have a doctor?,"Campus-based EMS agency that responds to medical and traumatic emergencies on surrounding community. Offers its services to all students, faculty, staff, and visitors.",0.7
Food services on campus,"Campus-based EMS agency that responds to medical and traumatic emergencies on surrounding community. Offers its services to all students, faculty, staff, and visitors.",0.2
"I'm a student and think I have covid, where should I go?","Campus-based EMS agency that responds to medical and traumatic emergencies on surrounding community. Offers its services to all students, faculty, staff, and visitors.",0.3
The engineering building is my favorite part of campus!,"Campus-based EMS agency that responds to medical and traumatic emergencies on surrounding community. Offers its services to all students, faculty, staff, and visitors.",0.2
I'm feeling suicidal and need someone to talk to,"Cares about you and your mental health!. We offer workshops, groups, short-term goal-oriented individual counseling and referrals to community providers to address your mental health struggles. We house HelpLine and the Suicide Awareness & Prevention Office as well as offering wellness opportunities that include Diversity & Inclusion Programs, Suicide Awareness & Prevention trainings and Wellness/Prevention programs.",0.95
I've been depressed for a long time and don't know where to go,"Cares about you and your mental health!. We offer workshops, groups, short-term goal-oriented individual counseling and referrals to community providers to address your mental health struggles. We house HelpLine and the Suicide Awareness & Prevention Office as well as offering wellness opportunities that include Diversity & Inclusion Programs, Suicide Awareness & Prevention trainings and Wellness/Prevention programs.",0.85
I just want someone to talk to,"Cares about you and your mental health!. We offer workshops, groups, short-term goal-oriented individual counseling and referrals to community providers to address your mental health struggles. We house HelpLine and the Suicide Awareness & Prevention Office as well as offering wellness opportunities that include Diversity & Inclusion Programs, Suicide Awareness & Prevention trainings and Wellness/Prevention programs.",0.8
My mental health has been slipping lately,"Cares about you and your mental health!. We offer workshops, groups, short-term goal-oriented individual counseling and referrals to community providers to address your mental health struggles. We house HelpLine and the Suicide Awareness & Prevention Office as well as offering wellness opportunities that include Diversity & Inclusion Programs, Suicide Awareness & Prevention trainings and Wellness/Prevention programs.",0.75
Help hotline,"Cares about you and your mental health!. We offer workshops, groups, short-term goal-oriented individual counseling and referrals to community providers to address your mental health struggles. We house HelpLine and the Suicide Awareness & Prevention Office as well as offering wellness opportunities that include Diversity & Inclusion Programs, Suicide Awareness & Prevention trainings and Wellness/Prevention programs.",0.9
I've been feeling sick lately,"Cares about you and your mental health!. We offer workshops, groups, short-term goal-oriented individual counseling and referrals to community providers to address your mental health struggles. We house HelpLine and the Suicide Awareness & Prevention Office as well as offering wellness opportunities that include Diversity & Inclusion Programs, Suicide Awareness & Prevention trainings and Wellness/Prevention programs.",0.3
Are there any organizations for hungry students?,"Cares about you and your mental health!. We offer workshops, groups, short-term goal-oriented individual counseling and referrals to community providers to address your mental health struggles. We house HelpLine and the Suicide Awareness & Prevention Office as well as offering wellness opportunities that include Diversity & Inclusion Programs, Suicide Awareness & Prevention trainings and Wellness/Prevention programs.",0.2
I think pizza is my favorite food,"Cares about you and your mental health!. We offer workshops, groups, short-term goal-oriented individual counseling and referrals to community providers to address your mental health struggles. We house HelpLine and the Suicide Awareness & Prevention Office as well as offering wellness opportunities that include Diversity & Inclusion Programs, Suicide Awareness & Prevention trainings and Wellness/Prevention programs.",0.1
I need a doctor on campus,"Staffed by board certified physicians, nurse practitioners, physician assistants and a psychologist who provide medical care for short term, acute illnesses and injuries, as well as ongoing health problems. Staffed by a Registered Dietitian (RD) who provides students with a personalized approach to all their nutrition needs. Provides prescription and non-prescription medications for students",0.95
"I've been feeling tired and sluggish lately, and I'm not sure why","Staffed by board certified physicians, nurse practitioners, physician assistants and a psychologist who provide medical care for short term, acute illnesses and injuries, as well as ongoing health problems. Staffed by a Registered Dietitian (RD) who provides students with a personalized approach to all their nutrition needs. Provides prescription and non-prescription medications for students",0.8
Where can I fill my prescription on campus?,"Staffed by board certified physicians, nurse practitioners, physician assistants and a psychologist who provide medical care for short term, acute illnesses and injuries, as well as ongoing health problems. Staffed by a Registered Dietitian (RD) who provides students with a personalized approach to all their nutrition needs. Provides prescription and non-prescription medications for students",0.9
I'm having a medical emergency,"Staffed by board certified physicians, nurse practitioners, physician assistants and a psychologist who provide medical care for short term, acute illnesses and injuries, as well as ongoing health problems. Staffed by a Registered Dietitian (RD) who provides students with a personalized approach to all their nutrition needs. Provides prescription and non-prescription medications for students",0.7
I need to talk to a counselor about my mental health,"Staffed by board certified physicians, nurse practitioners, physician assistants and a psychologist who provide medical care for short term, acute illnesses and injuries, as well as ongoing health problems. Staffed by a Registered Dietitian (RD) who provides students with a personalized approach to all their nutrition needs. Provides prescription and non-prescription medications for students",0.75
I'm having pregnancy issues,"Staffed by board certified physicians, nurse practitioners, physician assistants and a psychologist who provide medical care for short term, acute illnesses and injuries, as well as ongoing health problems. Staffed by a Registered Dietitian (RD) who provides students with a personalized approach to all their nutrition needs. Provides prescription and non-prescription medications for students",0.7
Super mario is my favorite game,"Staffed by board certified physicians, nurse practitioners, physician assistants and a psychologist who provide medical care for short term, acute illnesses and injuries, as well as ongoing health problems. Staffed by a Registered Dietitian (RD) who provides students with a personalized approach to all their nutrition needs. Provides prescription and non-prescription medications for students",0.05
I just found out I'm pregnant and don't know what to do,"Provides medical care during pregnancy. Some basic services provided include physical examinations, distribution of prenatal vitamins, and laboratory work. Other services may also be available; however, other services are provided on an as needed basis to be determined by the nurse practitioners and physician staff who volunteer at the clinic. The clinic offers a comprehensive prenatal program that includes:Prenatal NutritionPhysical/emotional changes during pregnancy and birth Prenatal and postpartum exercise Preparation for labor and birth Parenting skills Breast-feeding Newborn care and feeding",0.95
I'm an expecting mother and haven't been feeling good recently,"Provides medical care during pregnancy. Some basic services provided include physical examinations, distribution of prenatal vitamins, and laboratory work. Other services may also be available; however, other services are provided on an as needed basis to be determined by the nurse practitioners and physician staff who volunteer at the clinic. The clinic offers a comprehensive prenatal program that includes:Prenatal NutritionPhysical/emotional changes during pregnancy and birth Prenatal and postpartum exercise Preparation for labor and birth Parenting skills Breast-feeding Newborn care and feeding",0.95
I'm having trouble breast-feeding my new baby,"Provides medical care during pregnancy. Some basic services provided include physical examinations, distribution of prenatal vitamins, and laboratory work. Other services may also be available; however, other services are provided on an as needed basis to be determined by the nurse practitioners and physician staff who volunteer at the clinic. The clinic offers a comprehensive prenatal program that includes:Prenatal NutritionPhysical/emotional changes during pregnancy and birth Prenatal and postpartum exercise Preparation for labor and birth Parenting skills Breast-feeding Newborn care and feeding",0.9
"I think I might have covid, where should I go?","Provides medical care during pregnancy. Some basic services provided include physical examinations, distribution of prenatal vitamins, and laboratory work. Other services may also be available; however, other services are provided on an as needed basis to be determined by the nurse practitioners and physician staff who volunteer at the clinic. The clinic offers a comprehensive prenatal program that includes:Prenatal NutritionPhysical/emotional changes during pregnancy and birth Prenatal and postpartum exercise Preparation for labor and birth Parenting skills Breast-feeding Newborn care and feeding",0.4
Does Bryan have a daycare,"Provides medical care during pregnancy. Some basic services provided include physical examinations, distribution of prenatal vitamins, and laboratory work. Other services may also be available; however, other services are provided on an as needed basis to be determined by the nurse practitioners and physician staff who volunteer at the clinic. The clinic offers a comprehensive prenatal program that includes:Prenatal NutritionPhysical/emotional changes during pregnancy and birth Prenatal and postpartum exercise Preparation for labor and birth Parenting skills Breast-feeding Newborn care and feeding",0.6
I think my child needs counseling,"Provides medical care during pregnancy. Some basic services provided include physical examinations, distribution of prenatal vitamins, and laboratory work. Other services may also be available; however, other services are provided on an as needed basis to be determined by the nurse practitioners and physician staff who volunteer at the clinic. The clinic offers a comprehensive prenatal program that includes:Prenatal NutritionPhysical/emotional changes during pregnancy and birth Prenatal and postpartum exercise Preparation for labor and birth Parenting skills Breast-feeding Newborn care and feeding",0.4
"I'm facing food insecurity, what should I do?","Provides medical care during pregnancy. Some basic services provided include physical examinations, distribution of prenatal vitamins, and laboratory work. Other services may also be available; however, other services are provided on an as needed basis to be determined by the nurse practitioners and physician staff who volunteer at the clinic. The clinic offers a comprehensive prenatal program that includes:Prenatal NutritionPhysical/emotional changes during pregnancy and birth Prenatal and postpartum exercise Preparation for labor and birth Parenting skills Breast-feeding Newborn care and feeding",0.2
I am feeling crushed by my student loans,"Gain financial stability by developing healthy financial habits. We provide one-on-one financial coaching and help families and individuals learn more about how to manage money and provide you with lots of financial resources to guide you through making your money work for you! Specifically, we work in the areas of creating an intentional spending plan that includes monthly savings, reducing debt, improving credit and promoting banking relationships. We want you to have all of the tools you need to get the most out of your finances and start saving for the future. Learn how to stay on a budget,manage a checking account, improve your credit ranking, pay off debt, and save for the future.",0.9
I have no idea how to budget and need help,"Gain financial stability by developing healthy financial habits. We provide one-on-one financial coaching and help families and individuals learn more about how to manage money and provide you with lots of financial resources to guide you through making your money work for you! Specifically, we work in the areas of creating an intentional spending plan that includes monthly savings, reducing debt, improving credit and promoting banking relationships. We want you to have all of the tools you need to get the most out of your finances and start saving for the future. Learn how to stay on a budget,manage a checking account, improve your credit ranking, pay off debt, and save for the future.",0.9
I'm running out of money,"Gain financial stability by developing healthy financial habits. We provide one-on-one financial coaching and help families and individuals learn more about how to manage money and provide you with lots of financial resources to guide you through making your money work for you! Specifically, we work in the areas of creating an intentional spending plan that includes monthly savings, reducing debt, improving credit and promoting banking relationships. We want you to have all of the tools you need to get the most out of your finances and start saving for the future. Learn how to stay on a budget,manage a checking account, improve your credit ranking, pay off debt, and save for the future.",0.85
I can't afford to buy food,"Gain financial stability by developing healthy financial habits. We provide one-on-one financial coaching and help families and individuals learn more about how to manage money and provide you with lots of financial resources to guide you through making your money work for you! Specifically, we work in the areas of creating an intentional spending plan that includes monthly savings, reducing debt, improving credit and promoting banking relationships. We want you to have all of the tools you need to get the most out of your finances and start saving for the future. Learn how to stay on a budget,manage a checking account, improve your credit ranking, pay off debt, and save for the future.",0.6
I'm taking care of myself for the first time and am lost on what to do,"Gain financial stability by developing healthy financial habits. We provide one-on-one financial coaching and help families and individuals learn more about how to manage money and provide you with lots of financial resources to guide you through making your money work for you! Specifically, we work in the areas of creating an intentional spending plan that includes monthly savings, reducing debt, improving credit and promoting banking relationships. We want you to have all of the tools you need to get the most out of your finances and start saving for the future. Learn how to stay on a budget,manage a checking account, improve your credit ranking, pay off debt, and save for the future.",0.7
I need advice for my mental health,"Gain financial stability by developing healthy financial habits. We provide one-on-one financial coaching and help families and individuals learn more about how to manage money and provide you with lots of financial resources to guide you through making your money work for you! Specifically, we work in the areas of creating an intentional spending plan that includes monthly savings, reducing debt, improving credit and promoting banking relationships. We want you to have all of the tools you need to get the most out of your finances and start saving for the future. Learn how to stay on a budget,manage a checking account, improve your credit ranking, pay off debt, and save for the future.",0.3
One of my classmates cheated on our exam,"Gain financial stability by developing healthy financial habits. We provide one-on-one financial coaching and help families and individuals learn more about how to manage money and provide you with lots of financial resources to guide you through making your money work for you! Specifically, we work in the areas of creating an intentional spending plan that includes monthly savings, reducing debt, improving credit and promoting banking relationships. We want you to have all of the tools you need to get the most out of your finances and start saving for the future. Learn how to stay on a budget,manage a checking account, improve your credit ranking, pay off debt, and save for the future.",0.1
I'm an expecting mother and need advice for the pregnancy,"From birth control to prenatal nutrition, our professional staff provide a range of services. We strive to offer our patients convenient, high-quality care. Office Procedures include Obstetric and gynecologic ultrasound - 4D imagining available, Hysteroscopy, Essure permanent sterilization, Endometrial ablation, Colposcopy, LEEP cervical conization, IUD placement and removal, Nexplanon placement and removal, Urodynamic Testing, Pessary Fitting and Placement. Surgeries include Vaginal surgery, Hysteroscopy - diagnostic and operative, Endometrial ablation, Gynecologic laparoscopy, Robotic assisted gynecologic laparoscopy.",0.9
Women specific care near me,"From birth control to prenatal nutrition, our professional staff provide a range of services. We strive to offer our patients convenient, high-quality care. Office Procedures include Obstetric and gynecologic ultrasound - 4D imagining available, Hysteroscopy, Essure permanent sterilization, Endometrial ablation, Colposcopy, LEEP cervical conization, IUD placement and removal, Nexplanon placement and removal, Urodynamic Testing, Pessary Fitting and Placement. Surgeries include Vaginal surgery, Hysteroscopy - diagnostic and operative, Endometrial ablation, Gynecologic laparoscopy, Robotic assisted gynecologic laparoscopy.",0.9
I need birth control,"From birth control to prenatal nutrition, our professional staff provide a range of services. We strive to offer our patients convenient, high-quality care. Office Procedures include Obstetric and gynecologic ultrasound - 4D imagining available, Hysteroscopy, Essure permanent sterilization, Endometrial ablation, Colposcopy, LEEP cervical conization, IUD placement and removal, Nexplanon placement and removal, Urodynamic Testing, Pessary Fitting and Placement. Surgeries include Vaginal surgery, Hysteroscopy - diagnostic and operative, Endometrial ablation, Gynecologic laparoscopy, Robotic assisted gynecologic laparoscopy.",0.95
I need a doctor in Bryan,"From birth control to prenatal nutrition, our professional staff provide a range of services. We strive to offer our patients convenient, high-quality care. Office Procedures include Obstetric and gynecologic ultrasound - 4D imagining available, Hysteroscopy, Essure permanent sterilization, Endometrial ablation, Colposcopy, LEEP cervical conization, IUD placement and removal, Nexplanon placement and removal, Urodynamic Testing, Pessary Fitting and Placement. Surgeries include Vaginal surgery, Hysteroscopy - diagnostic and operative, Endometrial ablation, Gynecologic laparoscopy, Robotic assisted gynecologic laparoscopy.",0.6
I want to get screened for testicular cancer,"From birth control to prenatal nutrition, our professional staff provide a range of services. We strive to offer our patients convenient, high-quality care. Office Procedures include Obstetric and gynecologic ultrasound - 4D imagining available, Hysteroscopy, Essure permanent sterilization, Endometrial ablation, Colposcopy, LEEP cervical conization, IUD placement and removal, Nexplanon placement and removal, Urodynamic Testing, Pessary Fitting and Placement. Surgeries include Vaginal surgery, Hysteroscopy - diagnostic and operative, Endometrial ablation, Gynecologic laparoscopy, Robotic assisted gynecologic laparoscopy.",0.3
Women's counseling near me,"From birth control to prenatal nutrition, our professional staff provide a range of services. We strive to offer our patients convenient, high-quality care. Office Procedures include Obstetric and gynecologic ultrasound - 4D imagining available, Hysteroscopy, Essure permanent sterilization, Endometrial ablation, Colposcopy, LEEP cervical conization, IUD placement and removal, Nexplanon placement and removal, Urodynamic Testing, Pessary Fitting and Placement. Surgeries include Vaginal surgery, Hysteroscopy - diagnostic and operative, Endometrial ablation, Gynecologic laparoscopy, Robotic assisted gynecologic laparoscopy.",0.4
Care home for elderly Bryan,"From birth control to prenatal nutrition, our professional staff provide a range of services. We strive to offer our patients convenient, high-quality care. Office Procedures include Obstetric and gynecologic ultrasound - 4D imagining available, Hysteroscopy, Essure permanent sterilization, Endometrial ablation, Colposcopy, LEEP cervical conization, IUD placement and removal, Nexplanon placement and removal, Urodynamic Testing, Pessary Fitting and Placement. Surgeries include Vaginal surgery, Hysteroscopy - diagnostic and operative, Endometrial ablation, Gynecologic laparoscopy, Robotic assisted gynecologic laparoscopy.",0.1
Are there any counseling services specifically for women,"Supports the health and wellness of women through most phases of their life, from pre-teen to post-menopausal years. We’re a practice designed by women for women that focuses on providing high quality gynecological care in a comfortable environment. Our comprehensive women's care services range from routine wellness exams to addressing difficult hormone disorders, sexual and reproductive health, and many other health issues women face today. Plus, women’s mental health and wellness provided at this location support your complete health.",0.95
I think I'm experiencing menopause and want advice,"Supports the health and wellness of women through most phases of their life, from pre-teen to post-menopausal years. We’re a practice designed by women for women that focuses on providing high quality gynecological care in a comfortable environment. Our comprehensive women's care services range from routine wellness exams to addressing difficult hormone disorders, sexual and reproductive health, and many other health issues women face today. Plus, women’s mental health and wellness provided at this location support your complete health.",0.9
Gynecologist in Bryan,"Supports the health and wellness of women through most phases of their life, from pre-teen to post-menopausal years. We’re a practice designed by women for women that focuses on providing high quality gynecological care in a comfortable environment. Our comprehensive women's care services range from routine wellness exams to addressing difficult hormone disorders, sexual and reproductive health, and many other health issues women face today. Plus, women’s mental health and wellness provided at this location support your complete health.",0.9
My teen sister has been expericing women related-health issues and doesn't know where to go,"Supports the health and wellness of women through most phases of their life, from pre-teen to post-menopausal years. We’re a practice designed by women for women that focuses on providing high quality gynecological care in a comfortable environment. Our comprehensive women's care services range from routine wellness exams to addressing difficult hormone disorders, sexual and reproductive health, and many other health issues women face today. Plus, women’s mental health and wellness provided at this location support your complete health.",0.85
I'm a man and am having issues with my reproductive health,"Supports the health and wellness of women through most phases of their life, from pre-teen to post-menopausal years. We’re a practice designed by women for women that focuses on providing high quality gynecological care in a comfortable environment. Our comprehensive women's care services range from routine wellness exams to addressing difficult hormone disorders, sexual and reproductive health, and many other health issues women face today. Plus, women’s mental health and wellness provided at this location support your complete health.",0.4
Where should my elderly grandma go for her dental exam?,"Supports the health and wellness of women through most phases of their life, from pre-teen to post-menopausal years. We’re a practice designed by women for women that focuses on providing high quality gynecological care in a comfortable environment. Our comprehensive women's care services range from routine wellness exams to addressing difficult hormone disorders, sexual and reproductive health, and many other health issues women face today. Plus, women’s mental health and wellness provided at this location support your complete health.",0.4
I think I want to get an MRI for my injured shoulder,"Supports the health and wellness of women through most phases of their life, from pre-teen to post-menopausal years. We’re a practice designed by women for women that focuses on providing high quality gynecological care in a comfortable environment. Our comprehensive women's care services range from routine wellness exams to addressing difficult hormone disorders, sexual and reproductive health, and many other health issues women face today. Plus, women’s mental health and wellness provided at this location support your complete health.",0.2
I ran out of food and don't know where to go,If you are in need of an emergency supply of groceries please come to the pantry and let us help you. Here so hungry families can get food in emergency situations.,0.95
I'm a broke student who can't afford my next meal,If you are in need of an emergency supply of groceries please come to the pantry and let us help you. Here so hungry families can get food in emergency situations.,0.9
My financial situation is really bad right now and I'm scared,If you are in need of an emergency supply of groceries please come to the pantry and let us help you. Here so hungry families can get food in emergency situations.,0.7
I don't know how to budget and need advice,If you are in need of an emergency supply of groceries please come to the pantry and let us help you. Here so hungry families can get food in emergency situations.,0.4
My family won't be able to eat dinner tonight,If you are in need of an emergency supply of groceries please come to the pantry and let us help you. Here so hungry families can get food in emergency situations.,0.75
Church near campus?,If you are in need of an emergency supply of groceries please come to the pantry and let us help you. Here so hungry families can get food in emergency situations.,0.2
Should I get canes or popeyes for dinner?,If you are in need of an emergency supply of groceries please come to the pantry and let us help you. Here so hungry families can get food in emergency situations.,0.2
